{
    "loss": 17.89161491394043,
    "accuracy": 0.48201438784599304
}