{
    "loss": 16.423662185668945,
    "accuracy": 0.5467625856399536
}