{
    "loss": 18.394121170043945,
    "accuracy": 0.48201438784599304
}