{
    "loss": 9.892545700073242,
    "accuracy": 0.5467625856399536
}