{
    "loss": 5.536342620849609,
    "accuracy": 0.5035971403121948
}